group,sample,read1,read2
HBR,HBR_Rep1_ERCC-Mix2_Build37-ErccTranscripts-chr22.read,/home/thamle/rnaseq2/input/HBR_Rep1_ERCC-Mix2_Build37-ErccTranscripts-chr22.read1.fastq.gz,/home/thamle/rnaseq2/input/HBR_Rep1_ERCC-Mix2_Build37-ErccTranscripts-chr22.read2.fastq.gz
HBR,HBR_Rep2_ERCC-Mix2_Build37-ErccTranscripts-chr22.read,/home/thamle/rnaseq2/input/HBR_Rep2_ERCC-Mix2_Build37-ErccTranscripts-chr22.read1.fastq.gz,/home/thamle/rnaseq2/input/HBR_Rep2_ERCC-Mix2_Build37-ErccTranscripts-chr22.read2.fastq.gz
HBR,HBR_Rep3_ERCC-Mix2_Build37-ErccTranscripts-chr22.read,/home/thamle/rnaseq2/input/HBR_Rep3_ERCC-Mix2_Build37-ErccTranscripts-chr22.read1.fastq.gz,/home/thamle/rnaseq2/input/HBR_Rep3_ERCC-Mix2_Build37-ErccTranscripts-chr22.read2.fastq.gz
UHR,UHR_Rep1_ERCC-Mix1_Build37-ErccTranscripts-chr22.read,/home/thamle/rnaseq2/input/UHR_Rep1_ERCC-Mix1_Build37-ErccTranscripts-chr22.read1.fastq.gz,/home/thamle/rnaseq2/input/UHR_Rep1_ERCC-Mix1_Build37-ErccTranscripts-chr22.read2.fastq.gz
UHR,UHR_Rep2_ERCC-Mix1_Build37-ErccTranscripts-chr22.read,/home/thamle/rnaseq2/input/UHR_Rep2_ERCC-Mix1_Build37-ErccTranscripts-chr22.read1.fastq.gz,/home/thamle/rnaseq2/input/UHR_Rep2_ERCC-Mix1_Build37-ErccTranscripts-chr22.read2.fastq.gz
UHR,UHR_Rep3_ERCC-Mix1_Build37-ErccTranscripts-chr22.read,/home/thamle/rnaseq2/input/UHR_Rep3_ERCC-Mix1_Build37-ErccTranscripts-chr22.read1.fastq.gz,/home/thamle/rnaseq2/input/UHR_Rep3_ERCC-Mix1_Build37-ErccTranscripts-chr22.read2.fastq.gz    
    
    
    
    
    
    